{
  "ga_coefficients": [
    0.00592440147541748,
    -0.12391153905021648,
    0.9591557414166106,
    2.311128594636425
  ],
  "ga_mse": 0.5226856158891741,
  "ga_r2": 0.19804040909742193,
  "ga_history": [
    35648.146110273156,
    1522.9561131806147,
    1297.4022495930556,
    20.67776577255367,
    5.89610741349137,
    5.89610741349137,
    5.89610741349137,
    4.191832409686025,
    4.191832409686025,
    4.191832409686025,
    4.191832409686025,
    4.191832409686025,
    4.191832409686025,
    4.191832409686025,
    4.191832409686025,
    4.191832409686025,
    4.191832409686025,
    4.191832409686025,
    4.191832409686025,
    2.025985978884597,
    2.025985978884597,
    0.7072878921020871,
    0.7072878921020871,
    0.7072878921020871,
    0.7072878921020871,
    0.7072878921020871,
    0.7072878921020871,
    0.7072878921020871,
    0.7072878921020871,
    0.7072878921020871,
    0.7072878921020871,
    0.7072878921020871,
    0.7072878921020871,
    0.7072878921020871,
    0.7072878921020871,
    0.7072878921020871,
    0.7072878921020871,
    0.7072878921020871,
    0.7072878921020871,
    0.7072878921020871,
    0.7072878921020871,
    0.7072878921020871,
    0.7072878921020871,
    0.7072878921020871,
    0.7072878921020871,
    0.7072878921020871,
    0.7072878921020871,
    0.7072878921020871,
    0.7072878921020871,
    0.7072878921020871,
    0.7072878921020871,
    0.7072878921020871,
    0.7072878921020871,
    0.7072878921020871,
    0.7072878921020871,
    0.7072878921020871,
    0.7072878921020871,
    0.7072878921020871,
    0.7072878921020871,
    0.7072878921020871,
    0.7072878921020871,
    0.7072878921020871,
    0.7072878921020871,
    0.7072878921020871,
    0.7072878921020871,
    0.7072878921020871,
    0.7072878921020871,
    0.7072878921020871,
    0.7072878921020871,
    0.7072878921020871,
    0.7072878921020871,
    0.7072878921020871,
    0.7072878921020871,
    0.7072878921020871,
    0.7072878921020871,
    0.7072878921020871,
    0.7072878921020871,
    0.7072878921020871,
    0.7072878921020871,
    0.7072878921020871,
    0.7072878921020871,
    0.7072878921020871,
    0.7072878921020871,
    0.7072878921020871,
    0.7072878921020871,
    0.7072878921020871,
    0.7072878921020871,
    0.7072878921020871,
    0.7072878921020871,
    0.7072878921020871,
    0.7072878921020871,
    0.7072878921020871,
    0.6100020664787638,
    0.6100020664787638,
    0.6100020664787638,
    0.5987142936578179,
    0.5987142936578179,
    0.5987142936578179,
    0.5987142936578179,
    0.5987142936578179,
    0.5987142936578179,
    0.5987142936578179,
    0.5987142936578179,
    0.5987142936578179,
    0.5987142936578179,
    0.5987142936578179,
    0.5987142936578179,
    0.5987142936578179,
    0.5987142936578179,
    0.5987142936578179,
    0.5987142936578179,
    0.5987142936578179,
    0.5987142936578179,
    0.5987142936578179,
    0.5987142936578179,
    0.5987142936578179,
    0.5987142936578179,
    0.5987142936578179,
    0.5987142936578179,
    0.5987142936578179,
    0.5987142936578179,
    0.5987142936578179,
    0.5987142936578179,
    0.5987142936578179,
    0.5987142936578179,
    0.5987142936578179,
    0.5987142936578179,
    0.5987142936578179,
    0.5987142936578179,
    0.5987142936578179,
    0.5987142936578179,
    0.5987142936578179,
    0.5987142936578179,
    0.5987142936578179,
    0.5987142936578179,
    0.5847255513082377,
    0.5847255513082377,
    0.5847255513082377,
    0.5847255513082377,
    0.5847255513082377,
    0.5847255513082377,
    0.5847255513082377,
    0.5847255513082377,
    0.5847255513082377,
    0.5847255513082377,
    0.5847255513082377,
    0.5847255513082377,
    0.5847255513082377,
    0.5847255513082377,
    0.5847255513082377,
    0.5847255513082377,
    0.5847255513082377,
    0.5847255513082377,
    0.5847255513082377,
    0.5847255513082377,
    0.5847255513082377,
    0.5847255513082377,
    0.5847255513082377,
    0.5847255513082377,
    0.5847255513082377,
    0.5847255513082377,
    0.5847255513082377,
    0.5847255513082377,
    0.5847255513082377,
    0.5847255513082377,
    0.5847255513082377,
    0.5847255513082377,
    0.5847255513082377,
    0.5847255513082377,
    0.5847255513082377,
    0.5521378313939422,
    0.5521378313939422,
    0.5521378313939422,
    0.5521378313939422,
    0.5521378313939422,
    0.5521378313939422,
    0.5521378313939422,
    0.538175884480573,
    0.538175884480573,
    0.538175884480573,
    0.538175884480573,
    0.538175884480573,
    0.538175884480573,
    0.538175884480573,
    0.538175884480573,
    0.538175884480573,
    0.538175884480573,
    0.538175884480573,
    0.538175884480573,
    0.538175884480573,
    0.538175884480573,
    0.538175884480573,
    0.538175884480573,
    0.538175884480573,
    0.538175884480573,
    0.5226856158891741,
    0.5226856158891741,
    0.5226856158891741,
    0.5226856158891741,
    0.5226856158891741,
    0.5226856158891741,
    0.5226856158891741,
    0.5226856158891741,
    0.5226856158891741,
    0.5226856158891741,
    0.5226856158891741,
    0.5226856158891741,
    0.5226856158891741,
    0.5226856158891741,
    0.5226856158891741,
    0.5226856158891741,
    0.5226856158891741,
    0.5226856158891741,
    0.5226856158891741,
    0.5226856158891741,
    0.5226856158891741,
    0.5226856158891741,
    0.5226856158891741,
    0.5226856158891741,
    0.5226856158891741,
    0.5226856158891741,
    0.5226856158891741,
    0.5226856158891741,
    0.5226856158891741,
    0.5226856158891741,
    0.5226856158891741,
    0.5226856158891741,
    0.5226856158891741,
    0.5226856158891741,
    0.5226856158891741,
    0.5226856158891741,
    0.5226856158891741,
    0.5226856158891741,
    0.5226856158891741,
    0.5226856158891741,
    0.5226856158891741,
    0.5226856158891741,
    0.5226856158891741,
    0.5226856158891741,
    0.5226856158891741,
    0.5226856158891741,
    0.5226856158891741,
    0.5226856158891741,
    0.5226856158891741,
    0.5226856158891741,
    0.5226856158891741,
    0.5226856158891741,
    0.5226856158891741,
    0.5226856158891741,
    0.5226856158891741,
    0.5226856158891741,
    0.5226856158891741,
    0.5226856158891741,
    0.5226856158891741,
    0.5226856158891741,
    0.5226856158891741,
    0.5226856158891741,
    0.5226856158891741,
    0.5226856158891741,
    0.5226856158891741,
    0.5226856158891741,
    0.5226856158891741,
    0.5226856158891741,
    0.5226856158891741,
    0.5226856158891741,
    0.5226856158891741,
    0.5226856158891741,
    0.5226856158891741,
    0.5226856158891741,
    0.5226856158891741,
    0.5226856158891741,
    0.5226856158891741,
    0.5226856158891741,
    0.5226856158891741,
    0.5226856158891741,
    0.5226856158891741,
    0.5226856158891741,
    0.5226856158891741,
    0.5226856158891741,
    0.5226856158891741,
    0.5226856158891741,
    0.5226856158891741,
    0.5226856158891741,
    0.5226856158891741,
    0.5226856158891741,
    0.5226856158891741,
    0.5226856158891741,
    0.5226856158891741,
    0.5226856158891741,
    0.5226856158891741,
    0.5226856158891741,
    0.5226856158891741,
    0.5226856158891741,
    0.5226856158891741,
    0.5226856158891741,
    0.5226856158891741,
    0.5226856158891741,
    0.5226856158891741,
    0.5226856158891741,
    0.5226856158891741,
    0.5226856158891741
  ],
  "polyfit_coefficients": [
    -0.030206881501872836,
    0.9929664565346538,
    -10.428420387308481,
    40.63765714135051
  ],
  "polyfit_mse": 0.4991603008074523
}